Cell Number,Label
Cell 1,A1
Cell 2,B1
Cell 3,C1
Cell 4,D1
Cell 5,E1
Cell 6,F1
Cell 7,G1
Cell 8,H1
Cell 9,I1
Cell 10,J1
Cell 11,K1
Cell 12,L1
Cell 13,M1
Cell 14,N1
Cell 15,O1
Cell 16,P1
Cell 17,Q1
Cell 18,R1
Cell 19,S1
Cell 20,T1
Cell 21,U1
Cell 22,V1
Cell 23,W1
Cell 24,X1
Cell 25,Y1
Cell 26,Z1
Cell 27,A2
Cell 28,B2
Cell 29,C2
Cell 30,D2
Cell 31,E2
Cell 32,F2
Cell 33,G2
Cell 34,H2
Cell 35,I2
Cell 36,J2
Cell 37,K2
Cell 38,L2
Cell 39,M2
Cell 40,N2
Cell 41,O2
Cell 42,P2
Cell 43,Q2
Cell 44,R2
Cell 45,S2
Cell 46,T2
Cell 47,U2
Cell 48,V2
Cell 49,W2
Cell 50,X2
Cell 51,Y2
Cell 52,Z2
Cell 53,A3
Cell 54,B3
Cell 55,C3
Cell 56,D3
Cell 57,E3
Cell 58,F3
Cell 59,G3
Cell 60,H3
Cell 61,I3
Cell 62,J3
Cell 63,K3
Cell 64,L3
Cell 65,M3
Cell 66,N3
Cell 67,O3
Cell 68,P3
Cell 69,Q3
Cell 70,R3
Cell 71,S3
Cell 72,T3
Cell 73,U3
Cell 74,V3
Cell 75,W3
Cell 76,X3
Cell 77,Y3
Cell 78,Z3
Cell 79,A4
Cell 80,B4
Cell 81,C4
Cell 82,D4
Cell 83,E4
Cell 84,F4
Cell 85,G4
Cell 86,H4
Cell 87,I4
Cell 88,J4
Cell 89,K4
Cell 90,L4
Cell 91,M4
Cell 92,N4
Cell 93,O4
Cell 94,P4
Cell 95,Q4
Cell 96,R4
Cell 97,S4
Cell 98,T4
Cell 99,U4
Cell 100,V4
Cell 101,W4
Cell 102,X4
Cell 103,Y4
Cell 104,Z4
Cell 105,A5
Cell 106,B5
Cell 107,C5
Cell 108,D5
Cell 109,E5
Cell 110,F5
Cell 111,G5
Cell 112,H5
Cell 113,I5
Cell 114,J5
Cell 115,K5
Cell 116,L5
Cell 117,M5
Cell 118,N5
Cell 119,O5
Cell 120,P5
Cell 121,Q5
Cell 122,R5
Cell 123,S5
Cell 124,T5
Cell 125,U5
Cell 126,V5
Cell 127,W5
Cell 128,X5
Cell 129,Y5
Cell 130,Z5
Cell 131,A6
Cell 132,B6
Cell 133,C6
Cell 134,D6
Cell 135,E6
Cell 136,F6
Cell 137,G6
Cell 138,H6
Cell 139,I6
Cell 140,J6
Cell 141,K6
Cell 142,L6
Cell 143,M6
Cell 144,N6
Cell 145,O6
Cell 146,P6
Cell 147,Q6
Cell 148,R6
Cell 149,S6
Cell 150,T6
Cell 151,U6
Cell 152,V6
Cell 153,W6
Cell 154,X6
Cell 155,Y6
Cell 156,Z6
Cell 157,A7
Cell 158,B7
Cell 159,C7
Cell 160,D7
Cell 161,E7
Cell 162,F7
Cell 163,G7
Cell 164,H7
Cell 165,I7
Cell 166,J7
Cell 167,K7
Cell 168,L7
Cell 169,M7
Cell 170,N7
Cell 171,O7
Cell 172,P7
Cell 173,Q7
Cell 174,R7
Cell 175,S7
Cell 176,T7
Cell 177,U7
Cell 178,V7
Cell 179,W7
Cell 180,X7
Cell 181,Y7
Cell 182,Z7
Cell 183,A8
Cell 184,B8
Cell 185,C8
Cell 186,D8
Cell 187,E8
Cell 188,F8
Cell 189,G8
Cell 190,H8
Cell 191,I8
Cell 192,J8
Cell 193,K8
Cell 194,L8
Cell 195,M8
Cell 196,N8
Cell 197,O8
Cell 198,P8
Cell 199,Q8
Cell 200,R8
Cell 201,S8
Cell 202,T8
Cell 203,U8
Cell 204,V8
Cell 205,W8
Cell 206,X8
Cell 207,Y8
Cell 208,Z8
Cell 209,A9
Cell 210,B9
Cell 211,C9
Cell 212,D9
Cell 213,E9
Cell 214,F9
Cell 215,G9
Cell 216,H9
Cell 217,I9
Cell 218,J9
Cell 219,K9
Cell 220,L9
Cell 221,M9
Cell 222,N9
Cell 223,O9
Cell 224,P9
Cell 225,Q9
Cell 226,R9
Cell 227,S9
Cell 228,T9
Cell 229,U9
Cell 230,V9
Cell 231,W9
Cell 232,X9
Cell 233,Y9
Cell 234,Z9
Cell 235,A10
Cell 236,B10
Cell 237,C10
Cell 238,D10
Cell 239,E10
Cell 240,F10
Cell 241,G10
Cell 242,H10
Cell 243,I10
Cell 244,J10
Cell 245,K10
Cell 246,L10
Cell 247,M10
Cell 248,N10
Cell 249,O10
Cell 250,P10
Cell 251,Q10
Cell 252,R10
Cell 253,S10
Cell 254,T10
Cell 255,U10
Cell 256,V10
Cell 257,W10
Cell 258,X10
Cell 259,Y10
Cell 260,Z10
Cell 261,A11
Cell 262,B11
Cell 263,C11
Cell 264,D11
Cell 265,E11
Cell 266,F11
Cell 267,G11
Cell 268,H11
Cell 269,I11
Cell 270,J11
Cell 271,K11
Cell 272,L11
Cell 273,M11
